filename	scene_label
audio/tram-stockholm-198-5967-a.wav	transportation
audio/metro-prague-1016-44086-a.wav	transportation
audio/park-paris-100-2850-a.wav	outdoor
audio/shopping_mall-prague-1009-40694-a.wav	indoor
audio/shopping_mall-helsinki-129-3851-a.wav	indoor
audio/shopping_mall-vienna-140-4278-a.wav	indoor
audio/shopping_mall-paris-134-4039-a.wav	indoor
audio/bus-lyon-1073-41929-a.wav	transportation
audio/airport-lisbon-1114-42529-a.wav	indoor
audio/metro_station-vienna-86-2336-a.wav	indoor
audio/park-lisbon-1052-41218-a.wav	outdoor
audio/bus-lyon-1073-41935-a.wav	transportation
audio/public_square-lisbon-1068-42046-a.wav	outdoor
audio/shopping_mall-barcelona-126-3744-a.wav	indoor
audio/metro_station-lyon-1010-40348-a.wav	indoor
audio/metro-lyon-1149-41918-a.wav	transportation
audio/tram-vienna-202-6110-a.wav	transportation
audio/street_traffic-helsinki-164-5027-a.wav	outdoor
audio/street_pedestrian-barcelona-145-4386-a.wav	outdoor
audio/park-vienna-106-3017-a.wav	outdoor
audio/street_traffic-paris-171-5236-a.wav	outdoor
audio/park-london-95-2655-a.wav	outdoor
audio/park-paris-99-2802-a.wav	outdoor
audio/street_pedestrian-london-151-4583-a.wav	outdoor
audio/metro-london-47-1436-a.wav	transportation
audio/street_traffic-prague-1033-41497-a.wav	outdoor
audio/public_square-vienna-122-3618-a.wav	outdoor
audio/shopping_mall-helsinki-128-3831-a.wav	indoor
audio/public_square-barcelona-109-3148-a.wav	outdoor
audio/bus-helsinki-19-750-a.wav	transportation
audio/metro-vienna-60-1814-a.wav	transportation
audio/tram-barcelona-180-5589-a.wav	transportation
audio/bus-lyon-1001-40001-a.wav	transportation
audio/tram-lisbon-1100-43401-a.wav	transportation
audio/shopping_mall-helsinki-130-3897-a.wav	indoor
audio/metro-paris-54-1597-a.wav	transportation
audio/metro-lisbon-1145-42534-a.wav	transportation
audio/metro_station-stockholm-84-2284-a.wav	indoor
audio/park-prague-1038-40518-a.wav	outdoor
audio/bus-helsinki-18-740-a.wav	transportation
audio/tram-vienna-200-6040-a.wav	transportation
audio/bus-london-22-838-a.wav	transportation
audio/bus-vienna-39-1154-a.wav	transportation
audio/street_pedestrian-barcelona-145-4376-a.wav	outdoor
audio/airport-london-5-234-a.wav	indoor
audio/street_pedestrian-prague-1037-40957-a.wav	outdoor
audio/metro_station-london-72-2064-a.wav	indoor
audio/metro-paris-50-1519-a.wav	transportation
audio/public_square-london-113-3288-a.wav	outdoor
audio/park-london-95-2647-a.wav	outdoor
audio/bus-paris-33-1016-a.wav	transportation
audio/metro-lisbon-1148-41721-a.wav	transportation
audio/metro-paris-53-1559-a.wav	transportation
audio/shopping_mall-stockholm-136-4136-a.wav	indoor
audio/shopping_mall-lyon-1043-41112-a.wav	indoor
audio/shopping_mall-prague-1031-41303-a.wav	indoor
audio/tram-lyon-1103-42238-a.wav	transportation
audio/shopping_mall-prague-1031-41379-a.wav	indoor
audio/airport-lyon-1041-43417-a.wav	indoor
audio/bus-stockholm-37-1107-a.wav	transportation
audio/street_traffic-paris-171-5242-a.wav	outdoor
audio/airport-helsinki-4-216-a.wav	indoor
audio/metro-paris-52-1545-a.wav	transportation
audio/street_pedestrian-barcelona-141-4300-a.wav	outdoor
audio/tram-stockholm-199-6002-a.wav	transportation
audio/metro-london-48-1480-a.wav	transportation
audio/shopping_mall-helsinki-128-3831-a.wav	indoor
audio/public_square-vienna-124-3664-a.wav	outdoor
audio/tram-london-187-5793-a.wav	transportation
audio/public_square-prague-1111-41011-a.wav	outdoor
audio/metro_station-vienna-88-2404-a.wav	indoor
audio/metro-lyon-1149-42747-a.wav	transportation
audio/bus-helsinki-18-716-a.wav	transportation
audio/metro-lyon-1064-41689-a.wav	transportation
audio/street_traffic-barcelona-161-4931-a.wav	outdoor
audio/airport-london-6-265-a.wav	indoor
audio/airport-paris-9-409-a.wav	indoor
audio/street_traffic-barcelona-163-4981-a.wav	outdoor
audio/street_pedestrian-vienna-159-4843-a.wav	outdoor
audio/street_traffic-helsinki-165-5079-a.wav	outdoor
audio/metro_station-prague-1118-42429-a.wav	indoor
audio/airport-london-5-253-a.wav	indoor
audio/airport-prague-1015-40787-a.wav	indoor
audio/public_square-london-115-3348-a.wav	outdoor
audio/park-lisbon-1057-41560-a.wav	outdoor
audio/park-london-96-2692-a.wav	outdoor
audio/street_pedestrian-lyon-1047-41519-a.wav	outdoor
audio/metro-prague-1026-40455-a.wav	transportation
audio/airport-paris-8-368-a.wav	indoor
audio/shopping_mall-stockholm-136-4110-a.wav	indoor
audio/tram-vienna-202-6120-a.wav	transportation
audio/metro-prague-1022-42231-a.wav	transportation
audio/street_traffic-vienna-177-5451-a.wav	outdoor
audio/metro_station-vienna-88-2401-a.wav	indoor
audio/metro-prague-1157-41899-a.wav	transportation
audio/public_square-prague-1075-40404-a.wav	outdoor
audio/tram-lisbon-1131-44003-a.wav	transportation
audio/bus-vienna-40-1198-a.wav	transportation
audio/airport-vienna-14-572-a.wav	indoor
audio/shopping_mall-helsinki-128-3842-a.wav	indoor
audio/street_pedestrian-lisbon-1004-43024-a.wav	outdoor
audio/shopping_mall-vienna-138-4198-a.wav	indoor
audio/public_square-prague-1075-41321-a.wav	outdoor
audio/public_square-london-115-3350-a.wav	outdoor
audio/bus-vienna-38-1129-a.wav	transportation
audio/metro-barcelona-42-1283-a.wav	transportation
audio/airport-helsinki-3-130-a.wav	indoor
audio/street_traffic-prague-1153-43557-a.wav	outdoor
audio/shopping_mall-paris-134-4045-a.wav	indoor
audio/street_pedestrian-stockholm-156-4719-a.wav	outdoor
audio/tram-london-185-5748-a.wav	transportation
audio/tram-lisbon-1035-41165-a.wav	transportation
audio/street_traffic-lyon-1110-43260-a.wav	outdoor
audio/shopping_mall-prague-1009-42254-a.wav	indoor
audio/street_traffic-lisbon-1076-44025-a.wav	outdoor
audio/airport-barcelona-1-16-a.wav	indoor
audio/shopping_mall-lyon-1043-40055-a.wav	indoor
audio/park-lisbon-1057-42587-a.wav	outdoor
audio/shopping_mall-barcelona-126-3742-a.wav	indoor
audio/bus-barcelona-16-643-a.wav	transportation
audio/shopping_mall-lyon-1043-40055-a.wav	indoor
audio/bus-stockholm-36-1065-a.wav	transportation
audio/metro-lisbon-1119-43117-a.wav	transportation
audio/airport-lyon-1041-42824-a.wav	indoor
audio/tram-barcelona-180-5560-a.wav	transportation
audio/metro_station-lyon-1077-42424-a.wav	indoor
audio/metro-paris-52-1548-a.wav	transportation
audio/tram-barcelona-180-5565-a.wav	transportation
audio/tram-helsinki-184-5741-a.wav	transportation
audio/street_traffic-helsinki-166-5081-a.wav	outdoor
audio/airport-barcelona-0-10-a.wav	indoor
audio/park-helsinki-93-2596-a.wav	outdoor
audio/public_square-prague-1027-41067-a.wav	outdoor
audio/airport-paris-9-397-a.wav	indoor
audio/public_square-barcelona-108-3098-a.wav	outdoor
audio/street_pedestrian-prague-1037-42647-a.wav	outdoor
audio/bus-prague-1147-43811-a.wav	transportation
audio/street_pedestrian-lisbon-1098-41806-a.wav	outdoor
audio/metro-london-46-1372-a.wav	transportation
audio/bus-prague-1090-43186-a.wav	transportation
audio/tram-london-188-5797-a.wav	transportation
audio/metro_station-barcelona-63-1909-a.wav	indoor
audio/park-london-96-2697-a.wav	outdoor
audio/bus-paris-33-1008-a.wav	transportation
audio/bus-lisbon-1106-40191-a.wav	transportation
audio/metro_station-helsinki-64-1928-a.wav	indoor
audio/public_square-lisbon-1039-43998-a.wav	outdoor
audio/public_square-barcelona-109-3142-a.wav	outdoor
audio/street_traffic-prague-1153-42357-a.wav	outdoor
audio/park-london-97-2746-a.wav	outdoor
audio/shopping_mall-helsinki-128-3831-a.wav	indoor
audio/metro_station-helsinki-64-1919-a.wav	indoor
audio/bus-helsinki-18-715-a.wav	transportation
audio/metro_station-barcelona-61-1836-a.wav	indoor
audio/street_pedestrian-paris-154-4675-a.wav	outdoor
audio/street_traffic-stockholm-174-5344-a.wav	outdoor
audio/shopping_mall-lisbon-1125-42074-a.wav	indoor
audio/metro_station-london-70-2042-a.wav	indoor
audio/street_traffic-barcelona-161-4921-a.wav	outdoor
audio/bus-london-21-819-a.wav	transportation
audio/street_traffic-london-169-5172-a.wav	outdoor
audio/metro_station-paris-78-2130-a.wav	indoor
audio/park-paris-98-2780-a.wav	outdoor
audio/public_square-lyon-1056-42243-a.wav	outdoor
audio/tram-lyon-1093-41179-a.wav	transportation
audio/bus-stockholm-34-1024-a.wav	transportation
audio/street_traffic-stockholm-174-5350-a.wav	outdoor
audio/street_pedestrian-helsinki-148-4496-a.wav	outdoor
audio/bus-lyon-1159-42272-a.wav	transportation
audio/street_traffic-helsinki-166-5104-a.wav	outdoor
audio/airport-barcelona-2-106-a.wav	indoor
audio/metro_station-prague-1019-43758-a.wav	indoor
audio/metro_station-prague-1130-42801-a.wav	indoor
audio/metro_station-lisbon-1021-40572-a.wav	indoor
audio/park-lisbon-1104-43891-a.wav	outdoor
audio/park-lisbon-1104-41952-a.wav	outdoor
audio/bus-london-24-866-a.wav	transportation
audio/metro-lisbon-1055-40077-a.wav	transportation
audio/tram-vienna-201-6083-a.wav	transportation
audio/street_traffic-barcelona-161-4921-a.wav	outdoor
audio/bus-lisbon-1106-40191-a.wav	transportation
audio/park-prague-1105-40358-a.wav	outdoor
audio/park-lyon-1060-40608-a.wav	outdoor
audio/airport-stockholm-12-491-a.wav	indoor
audio/park-stockholm-102-2885-a.wav	outdoor
audio/park-paris-100-2847-a.wav	outdoor
audio/metro-vienna-60-1806-a.wav	transportation
audio/public_square-lyon-1024-44073-a.wav	outdoor
audio/metro-vienna-60-1811-a.wav	transportation
audio/airport-barcelona-1-27-a.wav	indoor
audio/public_square-london-114-3328-a.wav	outdoor
audio/metro_station-barcelona-62-1870-a.wav	indoor
audio/public_square-stockholm-119-3488-a.wav	outdoor
audio/street_pedestrian-lyon-1072-43501-a.wav	outdoor
audio/tram-prague-1042-42289-a.wav	transportation
audio/airport-helsinki-3-164-a.wav	indoor
audio/tram-london-185-5755-a.wav	transportation
audio/shopping_mall-vienna-140-4262-a.wav	indoor
audio/metro-lisbon-1145-42663-a.wav	transportation
audio/bus-vienna-40-1220-a.wav	transportation
audio/airport-london-5-253-a.wav	indoor
audio/metro_station-lisbon-1021-42364-a.wav	indoor
audio/tram-barcelona-180-5570-a.wav	transportation
audio/metro-helsinki-45-1341-a.wav	transportation
audio/metro-lyon-1064-40950-a.wav	transportation
audio/shopping_mall-barcelona-125-3715-a.wav	indoor
audio/bus-barcelona-17-673-a.wav	transportation
audio/public_square-stockholm-120-3534-a.wav	outdoor
audio/airport-lisbon-1000-41994-a.wav	indoor
audio/park-stockholm-103-2923-a.wav	outdoor
audio/bus-lisbon-1013-41564-a.wav	transportation
audio/shopping_mall-lyon-1066-42823-a.wav	indoor
audio/street_traffic-lisbon-1067-43328-a.wav	outdoor
audio/metro_station-vienna-88-2424-a.wav	indoor
audio/metro_station-lisbon-1007-42613-a.wav	indoor
audio/airport-helsinki-3-118-a.wav	indoor
audio/tram-paris-195-5896-a.wav	transportation
audio/metro_station-paris-78-2142-a.wav	indoor
audio/street_pedestrian-vienna-159-4848-a.wav	outdoor
audio/metro-london-46-1407-a.wav	transportation
audio/metro-lisbon-1145-41331-a.wav	transportation
audio/street_pedestrian-lisbon-1004-42819-a.wav	outdoor
audio/park-lisbon-1052-42986-a.wav	outdoor
audio/metro_station-london-75-2102-a.wav	indoor
audio/street_traffic-helsinki-166-5106-a.wav	outdoor
audio/metro_station-barcelona-62-1860-a.wav	indoor
audio/metro-barcelona-42-1268-a.wav	transportation
audio/airport-stockholm-10-430-a.wav	indoor
audio/metro_station-paris-79-2158-a.wav	indoor
audio/public_square-helsinki-112-3266-a.wav	outdoor
audio/metro-vienna-59-1772-a.wav	transportation
audio/tram-vienna-202-6114-a.wav	transportation
audio/park-prague-1038-42671-a.wav	outdoor
audio/bus-helsinki-20-784-a.wav	transportation
audio/metro-vienna-59-1783-a.wav	transportation
audio/bus-lyon-1001-43936-a.wav	transportation
audio/street_traffic-paris-172-5295-a.wav	outdoor
audio/tram-prague-1086-40747-a.wav	transportation
audio/bus-stockholm-36-1077-a.wav	transportation
audio/street_pedestrian-london-149-4531-a.wav	outdoor
audio/shopping_mall-stockholm-136-4127-a.wav	indoor
audio/shopping_mall-london-131-3916-a.wav	indoor
audio/public_square-stockholm-120-3536-a.wav	outdoor
audio/airport-lisbon-1000-42860-a.wav	indoor
audio/metro_station-stockholm-83-2225-a.wav	indoor
audio/bus-paris-31-982-a.wav	transportation
audio/street_pedestrian-barcelona-143-4330-a.wav	outdoor
audio/park-vienna-106-3032-a.wav	outdoor
audio/airport-london-5-252-a.wav	indoor
audio/bus-paris-29-964-a.wav	transportation
audio/metro-prague-1026-40088-a.wav	transportation
audio/metro_station-helsinki-65-1943-a.wav	indoor
audio/bus-london-25-874-a.wav	transportation
audio/street_traffic-barcelona-163-4981-a.wav	outdoor
audio/street_traffic-stockholm-175-5386-a.wav	outdoor
audio/metro-london-48-1458-a.wav	transportation
audio/bus-prague-1032-42359-a.wav	transportation
audio/tram-lyon-1103-43844-a.wav	transportation
audio/metro_station-lisbon-1021-43210-a.wav	indoor
audio/airport-lyon-1101-42791-a.wav	indoor
audio/bus-vienna-39-1169-a.wav	transportation
audio/street_pedestrian-lyon-1072-40399-a.wav	outdoor
audio/street_pedestrian-lisbon-1098-40216-a.wav	outdoor
audio/metro_station-paris-77-2121-a.wav	indoor
audio/bus-lisbon-1123-43648-a.wav	transportation
audio/metro_station-vienna-86-2325-a.wav	indoor
audio/bus-vienna-38-1126-a.wav	transportation
audio/airport-helsinki-4-179-a.wav	indoor
audio/park-barcelona-90-2494-a.wav	outdoor
audio/park-paris-98-2756-a.wav	outdoor
audio/tram-stockholm-197-5934-a.wav	transportation
audio/public_square-london-115-3374-a.wav	outdoor
audio/bus-barcelona-16-637-a.wav	transportation
audio/park-london-96-2687-a.wav	outdoor
audio/bus-london-25-889-a.wav	transportation
audio/park-paris-99-2791-a.wav	outdoor
audio/street_traffic-barcelona-161-4901-a.wav	outdoor
audio/park-london-97-2735-a.wav	outdoor
audio/tram-prague-1151-42769-a.wav	transportation
audio/airport-lyon-1095-40158-a.wav	indoor
audio/street_traffic-paris-172-5270-a.wav	outdoor
audio/bus-stockholm-34-1037-a.wav	transportation
audio/airport-paris-9-409-a.wav	indoor
audio/park-lyon-1144-40784-a.wav	outdoor
audio/tram-paris-195-5897-a.wav	transportation
audio/airport-prague-1015-43287-a.wav	indoor
audio/metro_station-barcelona-63-1905-a.wav	indoor
audio/metro-vienna-60-1822-a.wav	transportation
audio/metro-stockholm-55-1622-a.wav	transportation
audio/street_traffic-prague-1006-43150-a.wav	outdoor
audio/bus-london-22-832-a.wav	transportation
audio/street_pedestrian-stockholm-156-4730-a.wav	outdoor
audio/tram-lisbon-1131-40673-a.wav	transportation
audio/bus-vienna-40-1190-a.wav	transportation
audio/park-lyon-1144-40825-a.wav	outdoor
audio/street_pedestrian-lisbon-1099-42601-a.wav	outdoor
audio/public_square-lyon-1024-42316-a.wav	outdoor
audio/tram-vienna-200-6041-a.wav	transportation
audio/bus-lyon-1001-42349-a.wav	transportation
audio/street_traffic-stockholm-173-5321-a.wav	outdoor
audio/airport-lisbon-1122-40819-a.wav	indoor
audio/airport-lyon-1095-43600-a.wav	indoor
audio/airport-london-6-301-a.wav	indoor
audio/airport-helsinki-4-187-a.wav	indoor
audio/metro-lyon-1139-41087-a.wav	transportation
audio/shopping_mall-lyon-1066-43792-a.wav	indoor
audio/metro-london-46-1384-a.wav	transportation
audio/street_pedestrian-stockholm-155-4710-a.wav	outdoor
audio/tram-london-186-5776-a.wav	transportation
audio/street_traffic-helsinki-165-5047-a.wav	outdoor
audio/street_traffic-lyon-1110-41479-a.wav	outdoor
audio/airport-helsinki-4-197-a.wav	indoor
audio/airport-vienna-14-569-a.wav	indoor
audio/airport-vienna-14-583-a.wav	indoor
audio/metro-prague-1016-42089-a.wav	transportation
audio/metro-stockholm-57-1692-a.wav	transportation
audio/airport-lyon-1041-40868-a.wav	indoor
audio/bus-barcelona-16-635-a.wav	transportation
audio/street_traffic-paris-172-5282-a.wav	outdoor
audio/metro-prague-1026-41639-a.wav	transportation
audio/park-stockholm-102-2889-a.wav	outdoor
audio/public_square-barcelona-109-3152-a.wav	outdoor
audio/metro-vienna-59-1752-a.wav	transportation
audio/public_square-helsinki-111-3206-a.wav	outdoor
audio/street_pedestrian-helsinki-147-4438-a.wav	outdoor
audio/public_square-london-114-3319-a.wav	outdoor
audio/shopping_mall-helsinki-130-3899-a.wav	indoor
audio/park-helsinki-93-2581-a.wav	outdoor
audio/shopping_mall-paris-134-4033-a.wav	indoor
audio/metro_station-vienna-88-2394-a.wav	indoor
audio/airport-vienna-14-597-a.wav	indoor
audio/metro-vienna-59-1773-a.wav	transportation
audio/public_square-london-114-3312-a.wav	outdoor
audio/tram-vienna-202-6091-a.wav	transportation
audio/street_pedestrian-paris-153-4623-a.wav	outdoor
audio/airport-stockholm-12-486-a.wav	indoor
audio/street_pedestrian-helsinki-148-4488-a.wav	outdoor
audio/street_pedestrian-barcelona-141-4290-a.wav	outdoor
audio/tram-lisbon-1035-43814-a.wav	transportation
audio/public_square-lyon-1056-43754-a.wav	outdoor
audio/bus-prague-1032-42822-a.wav	transportation
audio/park-paris-98-2767-a.wav	outdoor
audio/park-barcelona-90-2465-a.wav	outdoor
audio/airport-vienna-13-553-a.wav	indoor
audio/metro_station-helsinki-66-1978-a.wav	indoor
audio/metro_station-prague-1019-42226-a.wav	indoor
audio/bus-london-25-904-a.wav	transportation
audio/metro-london-48-1499-a.wav	transportation
audio/airport-stockholm-11-474-a.wav	indoor
audio/metro-helsinki-43-1318-a.wav	transportation
audio/airport-lisbon-1122-43712-a.wav	indoor
audio/tram-lisbon-1100-42554-a.wav	transportation
audio/metro_station-prague-1118-40475-a.wav	indoor
audio/airport-helsinki-4-187-a.wav	indoor
audio/airport-lyon-1095-43600-a.wav	indoor
audio/metro-stockholm-55-1608-a.wav	transportation
audio/tram-stockholm-197-5954-a.wav	transportation
audio/metro-paris-50-1515-a.wav	transportation
audio/bus-lyon-1124-41920-a.wav	transportation
audio/metro-lisbon-1145-42081-a.wav	transportation
audio/shopping_mall-lyon-1066-41474-a.wav	indoor
audio/park-barcelona-89-2442-a.wav	outdoor
audio/shopping_mall-stockholm-136-4131-a.wav	indoor
audio/metro-helsinki-45-1344-a.wav	transportation
audio/public_square-barcelona-107-3087-a.wav	outdoor
audio/metro-paris-50-1520-a.wav	transportation
audio/street_traffic-vienna-177-5447-a.wav	outdoor
audio/park-paris-98-2773-a.wav	outdoor
audio/shopping_mall-stockholm-135-4097-a.wav	indoor
audio/shopping_mall-lisbon-1002-41783-a.wav	indoor
audio/park-barcelona-90-2493-a.wav	outdoor
audio/park-paris-99-2814-a.wav	outdoor
audio/park-barcelona-91-2536-a.wav	outdoor
audio/shopping_mall-stockholm-135-4084-a.wav	indoor
audio/bus-helsinki-18-742-a.wav	transportation
audio/metro_station-stockholm-84-2262-a.wav	indoor
audio/shopping_mall-prague-1009-43254-a.wav	indoor
audio/metro_station-vienna-87-2377-a.wav	indoor
audio/shopping_mall-paris-132-3971-a.wav	indoor
audio/tram-lisbon-1100-42554-a.wav	transportation
audio/metro_station-vienna-87-2387-a.wav	indoor
audio/street_traffic-lyon-1110-42007-a.wav	outdoor
audio/shopping_mall-stockholm-135-4102-a.wav	indoor
audio/metro_station-helsinki-64-1935-a.wav	indoor
audio/metro-stockholm-57-1688-a.wav	transportation
audio/metro_station-barcelona-62-1857-a.wav	indoor
audio/bus-helsinki-20-804-a.wav	transportation
audio/park-lyon-1060-41537-a.wav	outdoor
audio/street_pedestrian-lyon-1072-41971-a.wav	outdoor
audio/metro_station-stockholm-84-2258-a.wav	indoor
audio/metro_station-stockholm-85-2292-a.wav	indoor
audio/metro_station-stockholm-83-2247-a.wav	indoor
audio/airport-lyon-1101-42791-a.wav	indoor
audio/metro-vienna-60-1817-a.wav	transportation
audio/tram-barcelona-180-5570-a.wav	transportation
audio/public_square-prague-1027-42279-a.wav	outdoor
audio/metro-london-47-1425-a.wav	transportation
audio/street_pedestrian-prague-1085-40779-a.wav	outdoor
audio/shopping_mall-barcelona-127-3775-a.wav	indoor
audio/public_square-vienna-122-3607-a.wav	outdoor
audio/bus-stockholm-36-1065-a.wav	transportation
audio/metro_station-helsinki-66-1975-a.wav	indoor
audio/bus-vienna-40-1209-a.wav	transportation
audio/street_pedestrian-vienna-158-4791-a.wav	outdoor
audio/bus-barcelona-16-670-a.wav	transportation
audio/public_square-london-113-3293-a.wav	outdoor
audio/airport-london-6-282-a.wav	indoor
audio/public_square-barcelona-108-3098-a.wav	outdoor
audio/airport-helsinki-3-142-a.wav	indoor
audio/tram-paris-191-5840-a.wav	transportation
audio/shopping_mall-paris-132-3964-a.wav	indoor
audio/bus-lyon-1001-42828-a.wav	transportation
audio/public_square-barcelona-107-3084-a.wav	outdoor
audio/metro_station-vienna-87-2376-a.wav	indoor
audio/metro_station-london-69-2025-a.wav	indoor
audio/public_square-helsinki-111-3230-a.wav	outdoor
audio/shopping_mall-lisbon-1125-42184-a.wav	indoor
audio/airport-vienna-14-584-a.wav	indoor
audio/airport-lyon-1041-42246-a.wav	indoor
audio/airport-stockholm-12-479-a.wav	indoor
audio/tram-vienna-200-6018-a.wav	transportation
audio/street_traffic-london-169-5184-a.wav	outdoor
audio/street_traffic-lyon-1045-43952-a.wav	outdoor
audio/park-paris-99-2798-a.wav	outdoor
audio/shopping_mall-lyon-1043-40855-a.wav	indoor
audio/street_traffic-vienna-177-5469-a.wav	outdoor
audio/park-lisbon-1104-41487-a.wav	outdoor
audio/airport-stockholm-12-506-a.wav	indoor
audio/airport-stockholm-11-465-a.wav	indoor
audio/shopping_mall-stockholm-137-4172-a.wav	indoor
audio/bus-lisbon-1059-44054-a.wav	transportation
audio/street_traffic-barcelona-161-4901-a.wav	outdoor
audio/bus-helsinki-19-749-a.wav	transportation
audio/metro_station-lyon-1010-41397-a.wav	indoor
audio/bus-lyon-1073-41763-a.wav	transportation
audio/street_traffic-paris-171-5247-a.wav	outdoor
audio/shopping_mall-prague-1009-40016-a.wav	indoor
audio/street_traffic-barcelona-161-4926-a.wav	outdoor
audio/bus-lisbon-1123-40256-a.wav	transportation
audio/park-lisbon-1057-42299-a.wav	outdoor
audio/shopping_mall-london-131-3936-a.wav	indoor
audio/metro-lisbon-1145-40532-a.wav	transportation
audio/public_square-stockholm-121-3587-a.wav	outdoor
audio/bus-london-21-812-a.wav	transportation
audio/public_square-prague-1152-42323-a.wav	outdoor
audio/street_pedestrian-paris-154-4664-a.wav	outdoor
audio/street_traffic-paris-170-5198-a.wav	outdoor
audio/metro_station-stockholm-84-2273-a.wav	indoor
audio/metro_station-stockholm-85-2294-a.wav	indoor
audio/metro_station-helsinki-64-1928-a.wav	indoor
audio/airport-helsinki-3-135-a.wav	indoor
audio/public_square-barcelona-108-3116-a.wav	outdoor
audio/airport-lyon-1041-43062-a.wav	indoor
audio/shopping_mall-helsinki-130-3892-a.wav	indoor
audio/bus-lisbon-1140-43779-a.wav	transportation
audio/metro_station-vienna-87-2358-a.wav	indoor
audio/airport-paris-7-338-a.wav	indoor
audio/bus-barcelona-16-655-a.wav	transportation
audio/airport-lisbon-1114-43788-a.wav	indoor
audio/shopping_mall-stockholm-136-4113-a.wav	indoor
audio/shopping_mall-stockholm-135-4096-a.wav	indoor
audio/shopping_mall-vienna-139-4231-a.wav	indoor
audio/metro-stockholm-57-1705-a.wav	transportation
audio/park-lyon-1144-41506-a.wav	outdoor
audio/metro-london-46-1415-a.wav	transportation
audio/metro_station-vienna-86-2322-a.wav	indoor
audio/shopping_mall-london-131-3951-a.wav	indoor
audio/metro-london-48-1450-a.wav	transportation
audio/street_traffic-stockholm-174-5341-a.wav	outdoor
audio/street_traffic-stockholm-174-5346-a.wav	outdoor
audio/public_square-barcelona-109-3151-a.wav	outdoor
audio/metro-prague-1016-42592-a.wav	transportation
audio/metro-paris-52-1547-a.wav	transportation
audio/metro-paris-54-1572-a.wav	transportation
audio/public_square-london-114-3332-a.wav	outdoor
audio/street_traffic-vienna-178-5507-a.wav	outdoor
audio/shopping_mall-prague-1053-40935-a.wav	indoor
audio/airport-lisbon-1122-43741-a.wav	indoor
audio/park-barcelona-90-2475-a.wav	outdoor
audio/metro-vienna-60-1821-a.wav	transportation
audio/airport-vienna-13-532-a.wav	indoor
audio/bus-lisbon-1013-40529-a.wav	transportation
audio/shopping_mall-paris-132-3994-a.wav	indoor
audio/metro-london-46-1410-a.wav	transportation
audio/street_pedestrian-stockholm-157-4787-a.wav	outdoor
audio/street_traffic-lisbon-1076-41699-a.wav	outdoor
audio/street_pedestrian-stockholm-157-4770-a.wav	outdoor
audio/street_pedestrian-lisbon-1098-40216-a.wav	outdoor
audio/park-helsinki-94-2613-a.wav	outdoor
audio/shopping_mall-prague-1009-40255-a.wav	indoor
audio/metro_station-stockholm-85-2298-a.wav	indoor
audio/street_pedestrian-barcelona-145-4387-a.wav	outdoor
audio/tram-lyon-1093-41879-a.wav	transportation
audio/metro_station-prague-1130-43308-a.wav	indoor
audio/airport-stockholm-10-425-a.wav	indoor
audio/bus-london-22-846-a.wav	transportation
audio/public_square-stockholm-119-3508-a.wav	outdoor
audio/bus-lisbon-1128-42861-a.wav	transportation
audio/metro-barcelona-41-1250-a.wav	transportation
audio/shopping_mall-barcelona-125-3709-a.wav	indoor
audio/metro-prague-1054-40217-a.wav	transportation
audio/street_traffic-vienna-178-5504-a.wav	outdoor
audio/public_square-stockholm-119-3484-a.wav	outdoor
audio/metro-vienna-58-1716-a.wav	transportation
audio/tram-stockholm-198-5978-a.wav	transportation
audio/bus-prague-1120-43520-a.wav	transportation
audio/park-paris-100-2826-a.wav	outdoor
audio/bus-prague-1138-40366-a.wav	transportation
audio/metro-lyon-1064-41478-a.wav	transportation
audio/tram-helsinki-183-5685-a.wav	transportation
audio/metro_station-helsinki-67-1990-a.wav	indoor
audio/metro_station-lyon-1010-44050-a.wav	indoor
audio/bus-paris-29-954-a.wav	transportation
audio/airport-helsinki-4-204-a.wav	indoor
audio/bus-stockholm-34-1040-a.wav	transportation
audio/park-paris-99-2809-a.wav	outdoor
audio/tram-lisbon-1035-41124-a.wav	transportation
audio/street_pedestrian-stockholm-155-4699-a.wav	outdoor
audio/street_traffic-barcelona-163-4991-a.wav	outdoor
audio/shopping_mall-paris-134-4048-a.wav	indoor
audio/metro-prague-1022-42020-a.wav	transportation
audio/street_pedestrian-helsinki-147-4441-a.wav	outdoor
audio/tram-paris-193-5874-a.wav	transportation
audio/tram-helsinki-183-5680-a.wav	transportation
audio/metro_station-london-74-2084-a.wav	indoor
audio/street_pedestrian-prague-1085-42780-a.wav	outdoor
audio/shopping_mall-lyon-1043-40162-a.wav	indoor
audio/park-stockholm-103-2927-a.wav	outdoor
audio/street_traffic-lisbon-1076-42372-a.wav	outdoor
audio/public_square-lyon-1024-40465-a.wav	outdoor
audio/bus-lyon-1129-42709-a.wav	transportation
audio/street_pedestrian-barcelona-145-4382-a.wav	outdoor
audio/metro-london-47-1440-a.wav	transportation
audio/airport-lyon-1041-42824-a.wav	indoor
audio/bus-vienna-40-1190-a.wav	transportation
audio/metro-lyon-1149-41013-a.wav	transportation
audio/bus-helsinki-18-734-a.wav	transportation
audio/tram-helsinki-184-5726-a.wav	transportation
audio/bus-london-24-864-a.wav	transportation
audio/metro_station-helsinki-65-1957-a.wav	indoor
audio/airport-stockholm-11-458-a.wav	indoor
audio/airport-helsinki-3-149-a.wav	indoor
audio/tram-stockholm-199-5993-a.wav	transportation
audio/street_traffic-lyon-1110-43164-a.wav	outdoor
audio/tram-vienna-200-6032-a.wav	transportation
audio/metro-lyon-1126-40388-a.wav	transportation
audio/tram-paris-196-5912-a.wav	transportation
audio/bus-lisbon-1059-42210-a.wav	transportation
audio/park-vienna-106-3037-a.wav	outdoor
audio/tram-lyon-1103-42606-a.wav	transportation
audio/bus-paris-30-977-a.wav	transportation
audio/street_traffic-london-168-5150-a.wav	outdoor
audio/bus-helsinki-20-793-a.wav	transportation
audio/street_traffic-prague-1153-41405-a.wav	outdoor
audio/metro-prague-1157-42137-a.wav	transportation
audio/tram-london-186-5768-a.wav	transportation
audio/street_pedestrian-london-149-4516-a.wav	outdoor
audio/bus-helsinki-20-784-a.wav	transportation
audio/metro-lyon-1126-43905-a.wav	transportation
audio/airport-helsinki-4-199-a.wav	indoor
audio/shopping_mall-vienna-138-4190-a.wav	indoor
audio/street_traffic-prague-1006-41673-a.wav	outdoor
audio/street_pedestrian-lisbon-1098-42704-a.wav	outdoor
audio/street_traffic-paris-171-5254-a.wav	outdoor
audio/street_traffic-stockholm-174-5370-a.wav	outdoor
audio/bus-stockholm-34-1025-a.wav	transportation
audio/metro_station-lisbon-1020-41453-a.wav	indoor
audio/street_traffic-helsinki-165-5054-a.wav	outdoor
audio/airport-stockholm-11-461-a.wav	indoor
audio/tram-lyon-1103-42241-a.wav	transportation
audio/metro_station-helsinki-64-1938-a.wav	indoor
audio/metro_station-prague-1118-41156-a.wav	indoor
audio/airport-lyon-1101-40386-a.wav	indoor
audio/airport-paris-8-370-a.wav	indoor
audio/airport-prague-1034-41420-a.wav	indoor
audio/street_pedestrian-lyon-1003-43337-a.wav	outdoor
audio/metro_station-lisbon-1021-40166-a.wav	indoor
audio/tram-vienna-201-6050-a.wav	transportation
audio/street_pedestrian-lisbon-1004-41249-a.wav	outdoor
audio/park-vienna-105-2995-a.wav	outdoor
audio/airport-london-5-231-a.wav	indoor
audio/airport-lisbon-1114-43268-a.wav	indoor
audio/metro-vienna-58-1722-a.wav	transportation
audio/metro-helsinki-45-1332-a.wav	transportation
audio/metro-stockholm-57-1705-a.wav	transportation
audio/metro-lisbon-1136-43331-a.wav	transportation
audio/bus-helsinki-19-767-a.wav	transportation
audio/park-barcelona-91-2504-a.wav	outdoor
audio/street_traffic-paris-170-5227-a.wav	outdoor
audio/public_square-lyon-1056-43754-a.wav	outdoor
audio/metro-stockholm-55-1616-a.wav	transportation
audio/shopping_mall-helsinki-129-3862-a.wav	indoor
audio/bus-prague-1147-43811-a.wav	transportation
audio/shopping_mall-london-131-3924-a.wav	indoor
audio/airport-helsinki-3-129-a.wav	indoor
audio/bus-helsinki-18-710-a.wav	transportation
audio/metro-vienna-60-1815-a.wav	transportation
audio/metro-lisbon-1121-42509-a.wav	transportation
audio/airport-lyon-1041-41396-a.wav	indoor
audio/park-lisbon-1104-43509-a.wav	outdoor
audio/public_square-barcelona-109-3135-a.wav	outdoor
audio/park-vienna-106-3044-a.wav	outdoor
audio/metro-vienna-59-1763-a.wav	transportation
audio/bus-vienna-39-1164-a.wav	transportation
audio/bus-lisbon-1059-43465-a.wav	transportation
audio/park-helsinki-94-2617-a.wav	outdoor
audio/shopping_mall-lyon-1043-40407-a.wav	indoor
audio/park-lisbon-1057-41244-a.wav	outdoor
audio/public_square-prague-1075-42397-a.wav	outdoor
audio/metro-london-47-1437-a.wav	transportation
audio/park-prague-1092-43510-a.wav	outdoor
audio/tram-stockholm-199-5986-a.wav	transportation
audio/metro-lisbon-1119-40232-a.wav	transportation
audio/airport-paris-8-365-a.wav	indoor
audio/shopping_mall-helsinki-130-3882-a.wav	indoor
audio/street_traffic-stockholm-173-5330-a.wav	outdoor
audio/bus-lyon-1124-42501-a.wav	transportation
audio/metro-london-47-1424-a.wav	transportation
audio/airport-prague-1069-40978-a.wav	indoor
audio/park-paris-99-2807-a.wav	outdoor
audio/bus-helsinki-20-799-a.wav	transportation
audio/shopping_mall-barcelona-127-3793-a.wav	indoor
audio/public_square-prague-1075-41321-a.wav	outdoor
audio/shopping_mall-lisbon-1002-41109-a.wav	indoor
audio/tram-barcelona-179-5538-a.wav	transportation
audio/metro_station-lisbon-1007-42903-a.wav	indoor
audio/metro-prague-1016-43118-a.wav	transportation
audio/airport-lyon-1095-44011-a.wav	indoor
audio/public_square-lyon-1017-40547-a.wav	outdoor
audio/airport-london-6-303-a.wav	indoor
audio/shopping_mall-lyon-1043-41398-a.wav	indoor
audio/tram-vienna-201-6079-a.wav	transportation
audio/bus-stockholm-37-1110-a.wav	transportation
audio/bus-vienna-39-1153-a.wav	transportation
audio/airport-paris-7-344-a.wav	indoor
audio/public_square-lisbon-1068-43853-a.wav	outdoor
audio/metro-stockholm-57-1710-a.wav	transportation
audio/park-helsinki-92-2557-a.wav	outdoor
audio/metro_station-stockholm-84-2273-a.wav	indoor
audio/tram-london-185-5756-a.wav	transportation
audio/metro-barcelona-42-1305-a.wav	transportation
audio/metro-barcelona-41-1239-a.wav	transportation
audio/shopping_mall-prague-1009-42557-a.wav	indoor
audio/metro_station-stockholm-84-2282-a.wav	indoor
audio/tram-barcelona-179-5555-a.wav	transportation
audio/shopping_mall-prague-1009-40016-a.wav	indoor
audio/tram-helsinki-183-5692-a.wav	transportation
audio/street_pedestrian-barcelona-141-4298-a.wav	outdoor
audio/metro-london-47-1441-a.wav	transportation
audio/bus-barcelona-17-694-a.wav	transportation
audio/shopping_mall-london-131-3915-a.wav	indoor
audio/park-lisbon-1052-42979-a.wav	outdoor
audio/bus-helsinki-18-730-a.wav	transportation
audio/tram-london-185-5764-a.wav	transportation
audio/bus-lyon-1129-40626-a.wav	transportation
audio/park-lyon-1012-42346-a.wav	outdoor
audio/shopping_mall-vienna-140-4254-a.wav	indoor
audio/metro_station-vienna-86-2352-a.wav	indoor
audio/street_pedestrian-lisbon-1098-41633-a.wav	outdoor
audio/metro_station-barcelona-63-1909-a.wav	indoor
audio/airport-lisbon-1114-40895-a.wav	indoor
audio/street_pedestrian-vienna-158-4816-a.wav	outdoor
audio/metro_station-stockholm-85-2306-a.wav	indoor
audio/tram-helsinki-183-5706-a.wav	transportation
audio/street_pedestrian-london-150-4539-a.wav	outdoor
audio/metro-paris-51-1531-a.wav	transportation
audio/street_traffic-stockholm-175-5410-a.wav	outdoor
audio/shopping_mall-lyon-1043-40478-a.wav	indoor
audio/public_square-lyon-1024-43727-a.wav	outdoor
audio/park-london-96-2684-a.wav	outdoor
audio/street_pedestrian-prague-1051-43235-a.wav	outdoor
audio/metro_station-lisbon-1007-40007-a.wav	indoor
audio/airport-paris-9-395-a.wav	indoor
audio/park-lyon-1012-41903-a.wav	outdoor
audio/tram-stockholm-197-5944-a.wav	transportation
audio/metro-lyon-1139-43461-a.wav	transportation
audio/park-london-96-2687-a.wav	outdoor
audio/park-london-95-2653-a.wav	outdoor
audio/shopping_mall-london-131-3956-a.wav	indoor
audio/public_square-prague-1027-40869-a.wav	outdoor
audio/metro-vienna-59-1783-a.wav	transportation
audio/park-lyon-1060-43562-a.wav	outdoor
audio/shopping_mall-stockholm-136-4122-a.wav	indoor
audio/street_pedestrian-lyon-1072-42426-a.wav	outdoor
audio/public_square-lisbon-1116-40323-a.wav	outdoor
audio/metro-vienna-60-1804-a.wav	transportation
audio/street_traffic-lyon-1110-40780-a.wav	outdoor
audio/shopping_mall-helsinki-130-3892-a.wav	indoor
audio/public_square-prague-1152-42323-a.wav	outdoor
audio/public_square-prague-1111-40293-a.wav	outdoor
audio/park-lyon-1060-40608-a.wav	outdoor
audio/bus-lyon-1001-40624-a.wav	transportation
audio/metro_station-london-68-2021-a.wav	indoor
audio/metro_station-lisbon-1021-43636-a.wav	indoor
audio/tram-lisbon-1035-42912-a.wav	transportation
audio/street_pedestrian-barcelona-142-4322-a.wav	outdoor
audio/metro-paris-51-1530-a.wav	transportation
audio/shopping_mall-lisbon-1137-42701-a.wav	indoor
audio/tram-vienna-202-6096-a.wav	transportation
audio/metro-vienna-60-1789-a.wav	transportation
audio/bus-barcelona-16-655-a.wav	transportation
audio/public_square-london-113-3291-a.wav	outdoor
audio/tram-lyon-1112-42339-a.wav	transportation
audio/park-lyon-1144-41816-a.wav	outdoor
audio/metro-paris-54-1600-a.wav	transportation
audio/bus-paris-28-951-a.wav	transportation
audio/airport-helsinki-4-181-a.wav	indoor
audio/street_pedestrian-prague-1051-43087-a.wav	outdoor
audio/airport-paris-9-371-a.wav	indoor
audio/metro-stockholm-56-1654-a.wav	transportation
audio/tram-prague-1042-40846-a.wav	transportation
audio/bus-prague-1032-41827-a.wav	transportation
audio/park-prague-1105-42459-a.wav	outdoor
audio/airport-prague-1015-43277-a.wav	indoor
audio/street_traffic-lyon-1029-40715-a.wav	outdoor
audio/street_pedestrian-paris-154-4655-a.wav	outdoor
audio/park-paris-99-2789-a.wav	outdoor
audio/metro_station-stockholm-83-2229-a.wav	indoor
audio/public_square-lyon-1024-43204-a.wav	outdoor
audio/metro-stockholm-57-1700-a.wav	transportation
audio/bus-stockholm-35-1058-a.wav	transportation
audio/metro-lyon-1064-41689-a.wav	transportation
audio/public_square-paris-116-3378-a.wav	outdoor
audio/airport-stockholm-11-472-a.wav	indoor
audio/shopping_mall-prague-1031-41379-a.wav	indoor
audio/shopping_mall-vienna-140-4283-a.wav	indoor
audio/park-prague-1038-40092-a.wav	outdoor
audio/public_square-paris-116-3392-a.wav	outdoor
audio/shopping_mall-vienna-139-4214-a.wav	indoor
audio/shopping_mall-lisbon-1125-40521-a.wav	indoor
audio/airport-prague-1023-40758-a.wav	indoor
audio/metro_station-stockholm-83-2227-a.wav	indoor
audio/public_square-prague-1111-42693-a.wav	outdoor
audio/bus-paris-26-924-a.wav	transportation
audio/public_square-vienna-124-3671-a.wav	outdoor
audio/street_pedestrian-vienna-160-4867-a.wav	outdoor
audio/park-lyon-1144-43200-a.wav	outdoor
audio/street_traffic-stockholm-175-5396-a.wav	outdoor
audio/bus-vienna-39-1174-a.wav	transportation
audio/shopping_mall-stockholm-137-4154-a.wav	indoor
audio/bus-paris-26-924-a.wav	transportation
audio/street_pedestrian-lyon-1072-43659-a.wav	outdoor
audio/metro_station-helsinki-64-1925-a.wav	indoor
audio/bus-vienna-40-1193-a.wav	transportation
audio/metro_station-paris-80-2175-a.wav	indoor
audio/street_traffic-lisbon-1067-43621-a.wav	outdoor
audio/metro_station-paris-78-2133-a.wav	indoor
audio/metro-paris-50-1515-a.wav	transportation
audio/metro_station-prague-1118-41114-a.wav	indoor
audio/metro-prague-1081-41373-a.wav	transportation
audio/public_square-helsinki-112-3233-a.wav	outdoor
audio/tram-london-188-5812-a.wav	transportation
audio/tram-lisbon-1100-42237-a.wav	transportation
audio/shopping_mall-lyon-1043-43130-a.wav	indoor
audio/airport-barcelona-1-44-a.wav	indoor
audio/airport-lyon-1041-41852-a.wav	indoor
audio/metro-barcelona-42-1307-a.wav	transportation
audio/airport-prague-1023-40436-a.wav	indoor
audio/shopping_mall-stockholm-135-4093-a.wav	indoor
audio/street_traffic-lisbon-1067-42864-a.wav	outdoor
audio/metro-london-48-1491-a.wav	transportation
audio/bus-london-24-861-a.wav	transportation
audio/airport-lyon-1095-42574-a.wav	indoor
audio/airport-helsinki-4-207-a.wav	indoor
audio/tram-prague-1109-40794-a.wav	transportation
audio/tram-barcelona-179-5541-a.wav	transportation
audio/public_square-vienna-124-3678-a.wav	outdoor
audio/public_square-paris-117-3436-a.wav	outdoor
audio/public_square-lisbon-1039-41326-a.wav	outdoor
audio/bus-vienna-38-1138-a.wav	transportation
audio/metro_station-stockholm-85-2306-a.wav	indoor
audio/bus-lisbon-1070-42190-a.wav	transportation
audio/tram-prague-1135-42084-a.wav	transportation
audio/airport-lyon-1041-43035-a.wav	indoor
audio/airport-lyon-1041-43257-a.wav	indoor
audio/street_traffic-london-168-5154-a.wav	outdoor
audio/street_pedestrian-barcelona-144-4353-a.wav	outdoor
audio/shopping_mall-vienna-138-4180-a.wav	indoor
audio/bus-london-21-824-a.wav	transportation
audio/shopping_mall-stockholm-135-4090-a.wav	indoor
audio/shopping_mall-stockholm-135-4101-a.wav	indoor
audio/shopping_mall-london-131-3932-a.wav	indoor
audio/airport-lyon-1101-41267-a.wav	indoor
audio/metro_station-paris-81-2198-a.wav	indoor
audio/public_square-prague-1152-43332-a.wav	outdoor
audio/public_square-vienna-124-3693-a.wav	outdoor
audio/metro_station-prague-1118-43519-a.wav	indoor
audio/street_traffic-stockholm-173-5316-a.wav	outdoor
audio/airport-prague-1069-43326-a.wav	indoor
audio/metro_station-prague-1130-40444-a.wav	indoor
audio/street_traffic-stockholm-175-5392-a.wav	outdoor
audio/park-lyon-1144-40784-a.wav	outdoor
audio/tram-paris-195-5902-a.wav	transportation
audio/tram-vienna-201-6056-a.wav	transportation
audio/public_square-helsinki-111-3227-a.wav	outdoor
audio/metro-vienna-59-1779-a.wav	transportation
audio/tram-vienna-201-6061-a.wav	transportation
audio/metro-barcelona-42-1283-a.wav	transportation
audio/public_square-stockholm-121-3581-a.wav	outdoor
audio/tram-prague-1088-40204-a.wav	transportation
audio/metro_station-london-75-2102-a.wav	indoor
audio/metro-stockholm-56-1668-a.wav	transportation
audio/street_traffic-prague-1006-42354-a.wav	outdoor
audio/metro_station-london-74-2091-a.wav	indoor
audio/tram-helsinki-184-5740-a.wav	transportation
audio/park-london-96-2708-a.wav	outdoor
audio/public_square-paris-118-3472-a.wav	outdoor
audio/street_pedestrian-stockholm-156-4723-a.wav	outdoor
audio/tram-prague-1086-40276-a.wav	transportation
audio/airport-lisbon-1122-41837-a.wav	indoor
audio/tram-lyon-1112-43348-a.wav	transportation
audio/shopping_mall-helsinki-130-3906-a.wav	indoor
audio/shopping_mall-lisbon-1125-42203-a.wav	indoor
audio/airport-helsinki-4-196-a.wav	indoor
audio/street_pedestrian-barcelona-143-4333-a.wav	outdoor
audio/street_pedestrian-lisbon-1099-40926-a.wav	outdoor
audio/metro_station-lyon-1077-42401-a.wav	indoor
audio/street_traffic-lyon-1045-40081-a.wav	outdoor
audio/public_square-vienna-124-3680-a.wav	outdoor
audio/park-lyon-1144-41441-a.wav	outdoor
audio/street_traffic-paris-171-5251-a.wav	outdoor
audio/metro-paris-54-1598-a.wav	transportation
audio/metro-helsinki-44-1331-a.wav	transportation
audio/shopping_mall-lisbon-1137-40472-a.wav	indoor
audio/tram-lyon-1093-42186-a.wav	transportation
audio/bus-prague-1102-42431-a.wav	transportation
audio/street_pedestrian-vienna-159-4854-a.wav	outdoor
audio/public_square-paris-116-3384-a.wav	outdoor
audio/metro_station-lyon-1010-40348-a.wav	indoor
audio/metro-barcelona-41-1257-a.wav	transportation
audio/park-prague-1092-40506-a.wav	outdoor
audio/metro_station-prague-1118-41114-a.wav	indoor
audio/airport-barcelona-1-47-a.wav	indoor
audio/airport-vienna-13-542-a.wav	indoor
audio/airport-lisbon-1114-43120-a.wav	indoor
audio/street_pedestrian-stockholm-157-4758-a.wav	outdoor
audio/tram-lisbon-1100-42237-a.wav	transportation
audio/metro-prague-1022-40890-a.wav	transportation
audio/metro_station-prague-1130-40662-a.wav	indoor
audio/shopping_mall-lyon-1043-41875-a.wav	indoor
audio/tram-lyon-1112-42339-a.wav	transportation
audio/metro_station-paris-80-2167-a.wav	indoor
audio/metro_station-lisbon-1021-42292-a.wav	indoor
audio/park-barcelona-89-2460-a.wav	outdoor
audio/metro_station-paris-80-2178-a.wav	indoor
audio/airport-london-6-269-a.wav	indoor
audio/park-prague-1092-43090-a.wav	outdoor
audio/public_square-stockholm-121-3581-a.wav	outdoor
audio/metro-lisbon-1160-43885-a.wav	transportation
audio/metro-stockholm-57-1683-a.wav	transportation
audio/tram-lyon-1112-42076-a.wav	transportation
audio/bus-lyon-1129-43242-a.wav	transportation
audio/street_pedestrian-lisbon-1004-40004-a.wav	outdoor
audio/park-barcelona-91-2507-a.wav	outdoor
audio/metro_station-stockholm-85-2314-a.wav	indoor
audio/airport-stockholm-10-429-a.wav	indoor
audio/metro-london-48-1447-a.wav	transportation
audio/street_traffic-stockholm-174-5346-a.wav	outdoor
audio/metro-paris-49-1504-a.wav	transportation
audio/park-helsinki-92-2573-a.wav	outdoor
audio/shopping_mall-paris-132-3976-a.wav	indoor
audio/metro-lisbon-1148-43389-a.wav	transportation
audio/shopping_mall-vienna-139-4218-a.wav	indoor
audio/metro_station-vienna-86-2341-a.wav	indoor
audio/public_square-lisbon-1116-42455-a.wav	outdoor
audio/bus-helsinki-18-713-a.wav	transportation
audio/street_pedestrian-paris-154-4660-a.wav	outdoor
audio/metro_station-helsinki-66-1972-a.wav	indoor
audio/street_traffic-vienna-176-5445-a.wav	outdoor
audio/street_pedestrian-prague-1037-43642-a.wav	outdoor
audio/tram-barcelona-181-5620-a.wav	transportation
audio/metro-paris-54-1587-a.wav	transportation
audio/street_pedestrian-barcelona-143-4344-a.wav	outdoor
audio/shopping_mall-lisbon-1125-42485-a.wav	indoor
audio/public_square-vienna-122-3604-a.wav	outdoor
audio/airport-helsinki-3-159-a.wav	indoor
audio/bus-helsinki-18-741-a.wav	transportation
audio/tram-prague-1135-42267-a.wav	transportation
audio/airport-paris-7-327-a.wav	indoor
audio/bus-prague-1147-43067-a.wav	transportation
audio/street_traffic-barcelona-161-4925-a.wav	outdoor
audio/tram-lyon-1103-42019-a.wav	transportation
audio/public_square-stockholm-121-3582-a.wav	outdoor
audio/tram-paris-192-5862-a.wav	transportation
audio/airport-lisbon-1114-41503-a.wav	indoor
audio/street_traffic-lyon-1045-40975-a.wav	outdoor
audio/park-barcelona-89-2450-a.wav	outdoor
audio/park-lisbon-1052-42800-a.wav	outdoor
audio/street_pedestrian-helsinki-148-4476-a.wav	outdoor
audio/street_pedestrian-prague-1037-41950-a.wav	outdoor
audio/airport-lyon-1101-43728-a.wav	indoor
audio/street_pedestrian-lyon-1072-43427-a.wav	outdoor
audio/shopping_mall-paris-134-4046-a.wav	indoor
audio/public_square-barcelona-107-3054-a.wav	outdoor
audio/bus-prague-1102-40897-a.wav	transportation
audio/street_pedestrian-stockholm-156-4728-a.wav	outdoor
audio/shopping_mall-prague-1009-41449-a.wav	indoor
audio/metro_station-prague-1130-42348-a.wav	indoor
audio/public_square-stockholm-121-3560-a.wav	outdoor
audio/public_square-vienna-124-3681-a.wav	outdoor
audio/metro-barcelona-42-1289-a.wav	transportation
audio/tram-lyon-1093-42177-a.wav	transportation
audio/park-vienna-105-2996-a.wav	outdoor
audio/public_square-paris-116-3399-a.wav	outdoor
audio/park-barcelona-91-2505-a.wav	outdoor
audio/shopping_mall-barcelona-126-3766-a.wav	indoor
audio/park-paris-98-2752-a.wav	outdoor
audio/tram-lisbon-1100-41423-a.wav	transportation
audio/metro_station-prague-1019-42788-a.wav	indoor
audio/shopping_mall-barcelona-125-3731-a.wav	indoor
audio/shopping_mall-london-131-3922-a.wav	indoor
audio/shopping_mall-paris-132-3981-a.wav	indoor
audio/public_square-lisbon-1068-40977-a.wav	outdoor
audio/tram-prague-1151-43535-a.wav	transportation
audio/bus-helsinki-19-746-a.wav	transportation
audio/public_square-stockholm-121-3559-a.wav	outdoor
audio/metro-london-47-1440-a.wav	transportation
audio/bus-stockholm-37-1111-a.wav	transportation
audio/metro-barcelona-42-1274-a.wav	transportation
audio/street_traffic-barcelona-163-4988-a.wav	outdoor
audio/public_square-vienna-122-3606-a.wav	outdoor
audio/metro-lisbon-1148-41346-a.wav	transportation
audio/street_pedestrian-lisbon-1098-43801-a.wav	outdoor
audio/airport-barcelona-1-72-a.wav	indoor
audio/tram-barcelona-179-5557-a.wav	transportation
audio/tram-lisbon-1100-41927-a.wav	transportation
audio/park-lyon-1012-41903-a.wav	outdoor
audio/metro_station-paris-79-2151-a.wav	indoor
audio/metro-stockholm-57-1695-a.wav	transportation
audio/metro-barcelona-41-1234-a.wav	transportation
audio/metro_station-vienna-88-2418-a.wav	indoor
audio/airport-stockholm-10-434-a.wav	indoor
audio/airport-stockholm-12-498-a.wav	indoor
audio/bus-lyon-1073-42927-a.wav	transportation
audio/bus-lyon-1124-43243-a.wav	transportation
audio/shopping_mall-stockholm-137-4169-a.wav	indoor
audio/airport-lyon-1095-42574-a.wav	indoor
audio/metro-london-48-1474-a.wav	transportation
audio/airport-paris-7-352-a.wav	indoor
audio/street_traffic-prague-1033-43734-a.wav	outdoor
audio/bus-vienna-40-1192-a.wav	transportation
audio/public_square-barcelona-109-3136-a.wav	outdoor
audio/shopping_mall-prague-1053-44045-a.wav	indoor
audio/park-london-96-2676-a.wav	outdoor
audio/metro_station-vienna-87-2390-a.wav	indoor
audio/airport-lyon-1095-42146-a.wav	indoor
audio/park-lyon-1060-41493-a.wav	outdoor
audio/airport-barcelona-0-9-a.wav	indoor
audio/park-barcelona-91-2535-a.wav	outdoor
audio/metro_station-helsinki-67-1995-a.wav	indoor
audio/park-vienna-104-2968-a.wav	outdoor
audio/airport-paris-7-347-a.wav	indoor
audio/public_square-london-115-3339-a.wav	outdoor
audio/metro-lisbon-1121-41189-a.wav	transportation
audio/park-barcelona-90-2478-a.wav	outdoor
audio/tram-stockholm-199-6005-a.wav	transportation
audio/metro-london-47-1438-a.wav	transportation
audio/airport-lisbon-1000-42406-a.wav	indoor
audio/street_traffic-lyon-1045-44087-a.wav	outdoor
audio/shopping_mall-vienna-140-4269-a.wav	indoor
audio/street_pedestrian-prague-1051-41174-a.wav	outdoor
audio/park-helsinki-93-2579-a.wav	outdoor
audio/public_square-lyon-1024-41228-a.wav	outdoor
audio/airport-lisbon-1114-40411-a.wav	indoor
audio/public_square-london-114-3317-a.wav	outdoor
audio/metro-stockholm-57-1696-a.wav	transportation
audio/metro-prague-1113-43816-a.wav	transportation
audio/shopping_mall-stockholm-136-4108-a.wav	indoor
audio/shopping_mall-stockholm-137-4162-a.wav	indoor
audio/metro-stockholm-55-1622-a.wav	transportation
audio/bus-lisbon-1070-40102-a.wav	transportation
audio/airport-london-5-249-a.wav	indoor
audio/park-paris-100-2838-a.wav	outdoor
audio/park-lyon-1060-40443-a.wav	outdoor
audio/shopping_mall-london-131-3929-a.wav	indoor
audio/shopping_mall-helsinki-130-3895-a.wav	indoor
audio/tram-lisbon-1100-43664-a.wav	transportation
audio/airport-lisbon-1122-40992-a.wav	indoor
audio/street_pedestrian-london-151-4587-a.wav	outdoor
audio/street_pedestrian-helsinki-147-4432-a.wav	outdoor
audio/public_square-lyon-1017-40401-a.wav	outdoor
audio/metro_station-lyon-1028-42814-a.wav	indoor
audio/metro-lisbon-1136-43095-a.wav	transportation
audio/tram-stockholm-198-5963-a.wav	transportation
audio/shopping_mall-barcelona-127-3787-a.wav	indoor
audio/bus-lyon-1001-41978-a.wav	transportation
audio/bus-london-21-822-a.wav	transportation
audio/tram-london-185-5750-a.wav	transportation
audio/airport-london-5-245-a.wav	indoor
audio/park-lyon-1144-41391-a.wav	outdoor
audio/park-stockholm-103-2924-a.wav	outdoor
audio/metro-lisbon-1160-42997-a.wav	transportation
audio/metro_station-helsinki-64-1918-a.wav	indoor
audio/metro_station-lisbon-1020-41453-a.wav	indoor
audio/public_square-vienna-124-3679-a.wav	outdoor
audio/bus-paris-27-925-a.wav	transportation
audio/park-paris-100-2849-a.wav	outdoor
audio/park-vienna-105-3010-a.wav	outdoor
audio/tram-lisbon-1100-41080-a.wav	transportation
audio/street_traffic-lisbon-1076-42372-a.wav	outdoor
